num_pregunta,enunciado,opciones,respuesta_correcta
1,Tienen derecho a formar parte de la Comunidad Autónoma del País Vasco:,"[""Guipúzcoa y Vizcaya."", ""Álava, Guipúzcoa y Vizcaya."", ""Álava, Guipúzcoa, Vizcaya y Navarra."", ""Álava y Vizcaya.""]",2
2,La bandera del País Vasco es:,"[""Bicrucífera, compuesta de aspa amarilla, cruz roja superpuesta y fondo blanca."", ""Bicrucífera, compuesta de aspa verde, cruz blanca superpuesta y fondo rojo."", ""Bicrucífera, compuesta de aspa roja, cruz blanca superpuesta y fondo verde."", ""Bicrucífera, compuesta de aspa negra, cruz roja superpuesta y fondo blanca.""]",1
3,El euskera:,"[""Lengua propia del Pueblo Vasco, tendrá, como el castellano, carácter de lengua oficial en Euskadi, y todos sus habitantes tienen el derecho a conocer y usar ambas lenguas."", ""Lengua propia del Pueblo Vasco, no tendrá carácter de lengua oficial en Euskadi, pero todos sus habitantes tienen el derecho a conocer y usar ambas lenguas."", ""Lengua propia del Pueblo Vasco, no tendrá carácter de lengua oficial en Euskadi, y todos sus habitantes no tienen el derecho a conocer y usar ambas lenguas."", ""No es lengua propia del Pueblo Vasco.""]",0
4,"Las instituciones comunes de la Comunidad Autónoma, teniendo en cuenta la diversidad socio-lingüística del País Vasco:","[""No garantizan el uso de ambas lenguas."", ""Recomienda el uso de ambas lenguas."", ""Garantiza sólo a las personas mayores de 65 años el uso de ambas lenguas."", ""Garantiza el uso de ambas lenguas.""]",3
5,Por razón de lengua:,"[""Nadie podrá ser discriminado."", ""Está permitido discriminar."", ""Está permitido discriminar en algunos casos."", ""Está permitido discriminar dependiendo de la edad.""]",0
6,Tendrán la condición política de vascos:,"[""Quienes tengan la vecindad administrativa de acuerdo con las Leyes Generales del Estado, sólo en algunos municipios integrados en el territorio de la Comunidad Autónoma."", ""Quienes tengan la vecindad administrativa de acuerdo con las Leyes Generales del Estado, en municipios con más de 5.000 habitantes que estén integrados en el territorio de la Comunidad Autónoma."", ""Quienes tengan la vecindad administrativa de acuerdo con las Leyes Generales del Estado, en cualquiera de los municipios integrados en el territorio de la Comunidad Autónoma."", ""Quienes tengan la vecindad administrativa de acuerdo con las Leyes Generales del Estado, en municipios con más de 10.000 habitantes que estén integrados en el territorio de la Comunidad Autónoma.""]",2
7,"Los residentes en el extranjero, así como sus descendientes, si así lo solicitaren:","[""No gozarán de idénticos derechos políticos que los residentes en el País Vasco, si hubieran tenido su última vecindad administrativa en Euskadi, siempre que conserven la nacionalidad española."", ""Gozarán de idénticos derechos políticos que los residentes en el País Vasco, si no hubieran tenido su última vecindad administrativa en Euskadi, siempre que conserven la nacionalidad española."", ""Gozarán de idénticos derechos políticos que los residentes en el País Vasco, si hubieran tenido su última vecindad administrativa en Euskadi, siempre que no conserven la nacionalidad española."", ""Gozarán de idénticos derechos políticos que los residentes en el País Vasco, si hubieran tenido su última vecindad administrativa en Euskadi, siempre que conserven la nacionalidad española.""]",3
8,Los derechos y deberes fundamentales de los ciudadanos del País Vasco son los establecidos en:,"[""El Ayuntamiento."", ""La Constitución."", ""El Parlamento."", ""El Senado.""]",1
9,"Los poderes públicos vascos, en el ámbito de su competencia:","[""Velarán y garantizarán el adecuado ejercicio de los derechos y deberes fundamentales de los ciudadanos."", ""Impulsarán particularmente una política tendente a la mejora de las condiciones de vida y trabajo."", ""Adoptarán aquellas medidas que tiendan a fomentar el incremento del empleo y la estabilidad económica."", ""a) b) y c) son correctas.""]",3
10,"Según la Ley Orgánica 3/1979, de 18 de diciembre, de Estatuto de Autonomía para el País Vasco, sin perjuicio de las competencias de las Instituciones a que se refiero el artículo 37 del presente Estatuto, el Parlamento Vasco:","[""Ejerce la potestad legislativa."", ""Aprueba sus presupuestos."", ""Impulsa y controla la acción del Gobierno Vasco."", ""Todas las respuestas anteriores son correctas.""]",3
11,El Parlamento Vasco estará integrado por:,"[""Un número distinto de representantes, dependiendo de los habitantes de cada Territorio Histórico, elegidos por sufragio universal, libre, directo y secreto."", ""Un número distinto de representantes, dependiendo de la edad de los habitantes de cada Territorio Histórico, elegidos por sufragio universal, libre, directo y secreto."", ""Un número igual de representantes de cada Territorio Histórico elegidos por sufragio universal, libre, directo y secreto."", ""Un número igual de representantes de cada Territorio Histórico elegidos por sufragio universal, no siendo libre, directo y público.""]",2
12,El Parlamento Vasco será elegido por un periodo de:,"[""2 años."", ""4 años."", ""1 año."", ""5 años.""]",1
13,El Parlamento elegirá de entre sus miembros:,"[""Un Presidente, una Mesa y una Diputación Permanente."", ""Tres Presidentes y una Mesa."", ""Dos Presidentes y dos Mesas."", ""Un Presidente, dos Mesas y una Diputación Permanente.""]",0
14,El Gobierno Vasco es el órgano colegiado que ostenta las funciones:,"[""Ejecutivas y administrativas del País Vasco."", ""Formativas del País Vasco."", ""Informativas del País Vasco."", ""Ejecutivas y organizativas del País Vasco.""]",0
15,"Las atribuciones del Gobierno y su organización, basada en un Presidente y Consejeros, así como el Estatuto de sus miembros, serán regulados por:","[""El Rey."", ""El Estatuto de los Trabajadores."", ""El Parlamento."", ""Todas las respuestas anteriores son incorrectas.""]",2
16,El Presidente del Gobierno será designado de entre sus miembros:,"[""Por los Ayuntamientos y nombrado por el Lehendakari."", ""Por los Ayuntamientos y nombrado por el Rey."", ""Por el Parlamento Vasco y nombrado por el Rey."", ""Todas las respuestas anteriores son incorrectas.""]",2
17,"Según el Decreto 149/2007, de 18 de septiembre, se garantiza el ejercicio del derecho a la segunda opinión médica en el ámbito del Sistema Sanitario de Euskadi:","[""Para aquellos procesos de enfermedad que no conlleven riesgo para la vida o calidad de la misma, en los términos que se desarrollan en el presente Decreto."", ""Para aquellos procesos de enfermedad que conlleven riesgo para la vida o calidad de la misma, en los términos que se desarrollan en el presente Decreto."", ""Para aquellos procesos de enfermedad que conlleven una baja de 3 días, en los términos que se desarrollan en el presente Decreto."", ""Para aquellos procesos de enfermedad que conlleven una baja de 5 días, en los términos que se desarrollan en el presente Decreto.""]",1
18,El derecho a la segunda opinión médica tiene como finalidad contrastar:,"[""Un primer diagnóstico."", ""Una propuesta terapéutica."", ""Los datos de la Seguridad Social."", ""a) y b) son correctas.""]",3
19,"Según el Decreto 149/2007, de 18 de septiembre, se garantiza el ejercicio del derecho a la segunda opinión médica en los siguientes procesos:","[""Enfermedad neoplásica maligna."", ""Enfermedades neurológicas degenerativas."", ""Enfermedades cardiovasculares."", ""Todas las respuestas anteriores son correctas.""]",3
20,"Según el Decreto 149/2007, de 18 de septiembre, podrán solicitar la segunda opinión médica:","[""Las personas usuarias residentes en España que tengan derecho a la asistencia sanitaria."", ""Sólo las personas usuarias residentes en Madrid que tengan derecho a la asistencia sanitaria de cobertura pública."", ""Las personas usuarias residentes en la Comunidad Autónoma de Euskadi que tengan derecho a la asistencia sanitaria de cobertura pública a cargo del Sistema Sanitario de Euskadi."", ""a) b) y c) son correctas.""]",2
21,La segunda opinión médica será realizada por:,"[""Administrativos de un centro integrado en la red pública de Osakidetza-Servicio vasco de salud, distinto a aquél en el que se le haya diagnosticado la enfermedad."", ""Profesionales médicos de un centro integrado en la red pública de Osakidetza-Servicio vasco de salud, distinto a aquél en el que se le haya diagnosticado la enfermedad."", ""Profesionales médicos del centro integrado en la red pública de Osakidetza-Servicio vasco de salud, donde se le haya diagnosticado la enfermedad."", ""Auxiliares de enfermería de un centro integrado en la red pública de Osakidetza-Servicio vasco de salud, distinto a aquél en el que se le haya diagnosticado la enfermedad.""]",1
22,"Preferentemente, el centro en el que se realizará la evaluación que requiera el ejercicio del derecho a la segunda opinión médica será aquel:","[""Dentro de la Comunidad Autónoma del País Vasco, que se encuentre más próximo al domicilio de la persona que la solicita, de entre los que dispongan de la especialidad requerida."", ""Dentro de la Comunidad Autónoma del País Vasco, que se encuentre a más de 20 kilómetros de distancia al domicilio de la persona que la solicita, de entre los que dispongan de la especialidad requerida."", ""Dentro de la Comunidad Autónoma del País Vasco, que se encuentre a más de 30 kilómetros de distancia al domicilio de la persona que la solicita, de entre los que dispongan de la especialidad requerida."", ""Dentro de la Comunidad Autónoma del País Vasco, que se encuentre menos próximo al domicilio de la persona que la solicita, de entre los que dispongan de la especialidad requerida.""]",0
23,"Cuando así sea necesario por las especiales circunstancias de una técnica diagnóstica y/o terapéutica, se podrá obtener una segunda opinión médica en centros concertados o centros sanitarios integrados en el sistema sanitario público de otra Comunidad Autónoma:","[""Previa autorización del Departamento de Sanidad."", ""Sin previa autorización del Departamento de Sanidad si se solicita con 15 días de antelación."", ""Sin previa autorización del Departamento de Sanidad si se solicita con 10 días de antelación."", ""Sin previa autorización del Departamento de Sanidad si se solicita con 7 días de antelación.""]",0
24,"Según el Decreto 149/2007, de 18 de septiembre la segunda opinión médica se fundamentará:","[""En los informes y pruebas diagnósticas y terapéuticas realizadas por el servicio médico de destino, sin perjuicio de la posibilidad de realizar las pruebas complementarias que fueren necesarias para obtener un diagnóstico."", ""En los informes y pruebas diagnósticas y terapéuticas realizadas por el servicio médico de destino, no pudiendo realizar las pruebas complementarias que fueren necesarias para obtener un diagnóstico."", ""En los informes y pruebas diagnósticas y terapéuticas realizadas por el servicio médico de origen, sin perjuicio de la posibilidad de realizar las pruebas complementarias que fueren necesarias para obtener un diagnóstico."", ""a) b) y c) son incorrectas.""]",2
25,"Según el Decreto 149/2007, de 18 de septiembre, por Osakidetza-Servicio vasco de salud se adoptarán las medidas necesarias:","[""Para repetir las pruebas diagnósticas innecesarias y para garantizar la integración de la información de salud en su correspondiente historia clínica."", ""Para evitar la repetición innecesaria de pruebas diagnósticas y para garantizar la integración de la información de salud en su correspondiente historia clínica."", ""Para repetir las pruebas diagnósticas innecesarias y para garantizar la integración de la información de salud en cualquier historia clínica."", ""Todas las respuestas anteriores son incorrectas.""]",1
26,La solicitud de una segunda opinión médica podrá presentarse:,"[""Por el paciente."", ""Por los representantes legales del paciente."", ""Por la persona expresamente autorizada por la persona interesada."", ""Todas las respuestas anteriores son correctas.""]",3
27,La solicitud de una segunda opinión médica podrá presentarse:,"[""Sólo en el Ayuntamiento donde resides."", ""En cualquier unidad del Servicio de Atención al Paciente-Usuario de la red de centros sanitarios de Osakidetza-Servicio vasco de salud."", ""Sólo en la unidad del Servicio de Atención al Paciente-Usuario de la red de centros sanitarios de Osakidetza-Servicio vasco de salud próximo a donde resides."", ""a) b) y c) son incorrectas.""]",1
28,"La solicitud, que contendrá una exposición de las circunstancias que dan lugar a la petición de una segunda opinión médica, será tramitada:","[""En el centro asistencial que haya atendido en primera instancia al paciente."", ""En cualquier centro asistencial."", ""En el Ayuntamiento donde reside."", ""En el centro asistencial próximo a donde reside.""]",0
29,"En el centro sanitario de origen, el Servicio de Atención al Paciente-Usuario informará de la solicitud de una segunda opinión médica:","[""Al Auxiliar administrativo."", ""Al enfermero."", ""A la Dirección Médica."", ""Al anestesista.""]",2
30,"El Servicio de Atención al Paciente-Usuario, si hubiere derecho a ello, concertará la fecha, hora y servicio médico que atenderá la petición de segunda opinión desde que tuviere entrada la solicitud en el registro correspondiente, en el plazo de:","[""12 días hábiles."", ""10 días hábiles."", ""15 días hábiles."", ""18 días hábiles.""]",1
31,"Según el Decreto 149/2007, de 18 de septiembre, en el caso de que no se considere adecuada una segunda opinión médica, conforme los criterios que establece el presente Decreto:","[""Se emitirá por la Dirección Médica un informe razonado en el que se valore la solicitud del paciente con arreglo a criterios clínicos."", ""Se emitirá por la Dirección Médica un informe razonado en el que se valore la solicitud del paciente con arreglo a criterios subjetivos."", ""Se emitirá por la Dirección Médica un informe razonado en el que se valore la solicitud del paciente con arreglo a criterios administrativos."", ""Se emitirá por la Dirección Médica un informe razonado en el que se valore la solicitud del paciente con arreglo a criterios según la edad.""]",0
32,"Según el Decreto 149/2007, de 18 de septiembre, transcurrido el plazo establecido sin recibir comunicación de la petición de una segunda opinión médica, el paciente o quien actúe en su representación o interés lo pondrá en conocimiento del órgano competente del Departamento de Sanidad, quien lo resolverá desde que tuviere entrada esta comunicación en un plazo no superior a:","[""5 días."", ""1 día."", ""3 días."", ""7 días.""]",0
33,"Una vez obtenida la segunda opinión médica si el segundo diagnóstico es confirmatorio del primero, la atención sanitaria se llevará a cabo:","[""En el centro sanitario donde se emitió la segunda opinión médica."", ""En cualquier centro sanitario."", ""En el centro sanitario de origen."", ""Todas las anteriores respuestas son correctas.""]",2
34,"Una vez obtenida la segunda opinión médica si el segundo diagnóstico no es confirmatorio del primero, la atención sanitaria se llevará a cabo:","[""En el centro sanitario donde se emitió la segunda opinión médica."", ""En cualquier centro sanitario."", ""En el centro sanitario de origen."", ""Todas las anteriores respuestas son correctas.""]",0
35,La obtención de una segunda opinión médica:,"[""Dará derecho a permanecer simultáneamente, por el mismo proceso, en dos listas de espera para intervención quirúrgica."", ""No dará derecho a permanecer simultáneamente, por el mismo proceso, en dos listas de espera para intervención quirúrgica."", ""Decidirá el paciente si permanecer simultáneamente, por el mismo proceso, en dos listas de espera para intervención quirúrgica."", ""Decidirá el Auxiliar administrativo si permanecer simultáneamente, por el mismo proceso, en dos listas de espera para intervención quirúrgica.""]",1
36,"Según la Ley 31/1995, de 8 de noviembre, de Prevención de Riesgos laborales tiene por objeto:","[""Promover la seguridad de los trabajadores mediante la aplicación de medidas y el desarrollo de las actividades necesarias para la prevención de riesgos derivados del trabajo."", ""Promover la salud de los trabajadores mediante la aplicación de medidas y el desarrollo de las actividades necesarias para la prevención de riesgos derivados del trabajo."", ""a) y b) son correctas."", ""Promover la seguridad y salud de los pacientes mediante la aplicación de medidas y el desarrollo de las actividades necesarias para la prevención de riesgos derivados del trabajo.""]",2
37,"Según la Ley 31/1995, de 8 de noviembre, de Prevención de Riesgos laborales, NO será de aplicación por sus particularidades en el ámbito de las funciones públicas las actividades:","[""Policía."", ""Seguridad."", ""Fuerzas Armadas."", ""Todas las respuestas anteriores son correctas.""]",3
38,Se entenderá por “prevención”:,"[""El conjunto de actividades o medidas adoptadas o previstas en todas las fases de actividad de la empresa con el fin de evitar o disminuir los riesgos derivados del trabajo."", ""El conjunto de actividades o medidas adoptadas o previstas en algunas fases de actividad de la empresa con el fin de aumentar los riesgos derivados del trabajo."", ""El conjunto de actividades o medidas adoptadas o previstas en todas las fases de actividad de la empresa con el fin de aumentar los riesgos derivados del trabajo."", ""Todas las respuestas anteriores son incorrectas.""]",0
39,Se entenderá como “riesgo laboral”:,"[""Cuando un trabajador sufre un determinado daño no derivado del trabajo."", ""La posibilidad de que un trabajador sufra un determinado daño no derivado del trabajo."", ""La posibilidad de que un trabajador sufra un determinado daño derivado del trabajo."", ""a) b) y c) son incorrectas.""]",2
40,Se considerarán como “daños derivados del trabajo”:,"[""Las enfermedades sufridas con motivo u ocasión del trabajo."", ""Las patologías sufridas con motivo u ocasión del trabajo."", ""Las lesiones sufridas con motivo u ocasión del trabajo."", ""a) b) y c) son correctas.""]",3
41,Se entenderá como “riesgo laboral grave e inminente”:,"[""Aquel que resulte probable racionalmente que se materialice en un futuro inmediato."", ""Aquel que pueda suponer un daño grave para la salud de los trabajadores."", ""a) y b) son correctas."", ""a) b) y c) son incorrectas.""]",2
42,"Se considerarán como procesos, actividades, operaciones, equipos o productos “potencialmente peligrosos”:","[""Aquellos que, en ausencia de medidas preventivas específicas, originen riesgos para la seguridad y la salud de los trabajadores que los desarrollan o utilizan."", ""Aquellos que, en ausencia de medidas preventivas específicas, no originen riesgos para la seguridad, pero sí para la salud de los trabajadores que los desarrollan o utilizan."", ""Aquellos que, en ausencia de medidas preventivas específicas, originen riesgos para la seguridad, pero no para la salud de los trabajadores que los desarrollan o utilizan."", ""a) b) y c) son incorrectas.""]",0
43,Se entenderá como “equipo de trabajo”:,"[""Cualquier máquina no utilizada en el trabajo."", ""Cualquier aparato no utilizado en el trabajo."", ""Cualquier instrumento utilizado en el trabajo."", ""Cualquier instalación no utilizada en el trabajo.""]",2
44,Se entenderá como “condición de trabajo”:,"[""Las características generales de los locales, instalaciones, equipos, productos y demás útiles existentes en el centro de trabajo."", ""La naturaleza de los agentes físicos, químicos y biológicos presentes en el ambiente de trabajo y sus correspondientes intensidades, concentraciones o niveles de presencia."", ""Las características relativas a la organización y ordenación del trabajo que influyan en la magnitud de los riesgos a que esté expuesto el trabajador."", ""Todas las respuestas anteriores son correctas.""]",3
45,Se entenderá por “equipo de protección individual”:,"[""Cualquier equipo destinado a tenerlo guardado en el armario para que no se estropee."", ""Cualquier equipo destinado a ser llevado o sujetado por el trabajador para que le proteja de uno o varios riesgos que puedan amenazar su seguridad o su salud en el trabajo, así como cualquier complemento o accesorio destinado a tal fin."", ""Cualquier equipo no destinado a ser llevado o sujetado por el trabajador para que le proteja de uno o varios riesgos que puedan amenazar su seguridad o su salud en el trabajo."", ""Cualquier equipo destinado a ser llevado o sujetado por el trabajador para conjuntarlo con la ropa que lleva puesta.""]",1
46,La política en materia de prevención tendrá por objeto:,"[""La promoción de la mejora de las condiciones de trabajo dirigida a elevar el nivel de protección de la seguridad y salud de los trabajadores en el trabajo."", ""La promoción de la mejora de las condiciones de trabajo dirigida a elevar el salario de los trabajadores."", ""La promoción de la mejora de las condiciones de ocio de los trabajadores."", ""Todas las respuestas anteriores son incorrectas.""]",0
47,La elaboración de la política preventiva se llevará a cabo con la participación de:,"[""Los clientes."", ""El alcalde del municipio."", ""Los empresarios y trabajadores a través de sus organizaciones empresariales y sindicales más representativas."", ""Los familiares.""]",2
48,Las Administraciones públicas en materia preventiva promoverán:,"[""La mejora de la educación en los diferentes niveles de enseñanza."", ""La adecuación de la formación de los recursos humanos necesarios para la prevención de riesgos laborales."", ""La mejora de la educación en la oferta formativa correspondiente al sistema nacional de cualificaciones profesionales."", ""Todas las respuestas anteriores son correctas.""]",3
49,La política en materia de prevención de riesgos laborales deberá promover:,"[""La integración eficaz de la prevención de riesgos laborales en el sistema informático."", ""La integración eficaz de la prevención de riesgos laborales en el sistema de gestión de la empresa."", ""La integración eficaz de la prevención de riesgos laborales en la IA."", ""La integración eficaz de la prevención de riesgos laborales con los pacientes.""]",1
50,"El Gobierno, a través de las correspondientes normas reglamentarias y previa consulta a las organizaciones sindicales y empresariales más representativas, regulará:","[""Requisitos mínimos que deben reunir las condiciones de trabajo para la protección de la seguridad y salud de los trabajadores."", ""Limitaciones o prohibiciones que afectarán a las operaciones, los procesos y las exposiciones laborales a agentes que entrañen riesgos para la seguridad y la salud de los trabajadores."", ""a) y b) son correctas."", ""a) y b) son incorrectas.""]",2
51,Las Administraciones públicas competentes en materia laboral:,"[""Promoverán la prevención y asesoramiento a desarrollar por los órganos técnicos en materia preventiva."", ""Velarán por el cumplimiento de la normativa sobre prevención de riesgos laborales mediante las actuaciones de vigilancia y control."", ""Sancionarán el incumplimiento de la normativa de prevención de riesgos laborales por los sujetos comprendidos en el ámbito de aplicación de la Ley 31/1995, de 8 de noviembre, de Prevención de Riesgos laborales."", ""a) b) y c) son correctas.""]",3
52,El Instituto Nacional de Seguridad e Higiene en el Trabajo tiene como misión:,"[""El análisis y estudio de las condiciones de seguridad y salud en el trabajo, así como la promoción y apoyo a la mejora de las mismas."", ""El análisis y estudio de las condiciones de seguridad y salud durante las vacaciones, así como la promoción y apoyo a la mejora de las mismas."", ""El análisis y estudio de las condiciones de seguridad y salud el fin de semana, así como la promoción y apoyo a la mejora de las mismas."", ""Todas las respuestas anteriores son incorrectas.""]",0
53,"El Instituto Nacional de Seguridad e Higiene en el Trabajo cumpliendo su misión, tendrá las siguientes funciones:","[""Asesoramiento técnico en la elaboración de la normativa legal y en el desarrollo de la normalización, tanto a nivel nacional como internacional."", ""Promoción y, en su caso, realización de actividades de formación, información, investigación, estudio y divulgación en materia de prevención de riesgos laborales."", ""a) y b) son correctas."", ""a) y b) son incorrectas.""]",2
54,"El Instituto Nacional de Seguridad e Higiene en el Trabajo, en el marco de sus funciones:","[""Velará por la coordinación entre las distintas Administraciones públicas."", ""Apoyará el intercambio de información y las experiencias entre las distintas Administraciones públicas."", ""Fomentará y prestará apoyo a la realización de actividades de promoción de la seguridad y de la salud por las Comunidades Autónomas."", ""a) b) y c) son correctas.""]",3
55,"En relación con las Instituciones de la Unión Europea, el Instituto Nacional de Seguridad e Higiene en el Trabajo:","[""No actuará como centro de referencia nacional."", ""Actuará como centro de referencia nacional, garantizando la coordinación y transmisión de la información que deberá facilitar a escala nacional, en particular respecto a la Agencia Europea para la Seguridad y la Salud en el Trabajo y su Red."", ""Actuará como centro de referencia nacional, pero no coordinará ni transmitirá la información a escala nacional, en particular respecto a la Agencia Europea para la Seguridad y la Salud en el Trabajo y su Red."", ""a) b) y c) son incorrectas.""]",1
56,Corresponde a la Inspección de Trabajo y Seguridad Social:,"[""La función de la vigilancia y control de la normativa sobre prevención de riesgos laborales."", ""La función de la formación de la normativa sobre prevención de riesgos laborales a los pacientes."", ""La función de la información de la normativa sobre prevención de riesgos laborales a los pacientes."", ""La función de la comunicación de la normativa sobre prevención de riesgos laborales a los pacientes.""]",0
57,La Inspección de Trabajo y Seguridad Social NO tendrá entre sus funciones:,"[""Asesorar e informar a las empresas y a los trabajadores sobre la manera más efectiva de cumplir las disposiciones cuya vigilancia tiene encomendada."", ""Ordenar que continúen, pero más despacio con los trabajos cuando, a juicio del inspector, se advierta la existencia de riesgo grave e inminente para la seguridad o salud de los trabajadores."", ""Ordenar la paralización inmediata de trabajos cuando, a juicio del inspector, se advierta la existencia de riesgo grave e inminente para la seguridad o salud de los trabajadores."", ""Elaborar los informes solicitados por los Juzgados de lo Social en las demandas deducidas ante los mismos en los procedimientos de accidentes de trabajo y enfermedades profesionales.""]",1
58,Corresponderá a las Administraciones públicas competentes en materia sanitaria referente a la salud laboral:,"[""El establecimiento de medios adecuados para la evaluación y control de las actuaciones de carácter sanitario que se realicen en las empresas por los servicios de prevención actuantes."", ""Establecer las pautas y protocolos de actuación, oídas las sociedades científicas, a los que deberán someterse los citados servicios."", ""a) y b) son correctas."", ""a) y b) son incorrectas.""]",2
59,La Comisión Nacional de Seguridad y Salud en el Trabajo estará integrada por:,"[""Dos representantes de cada una de las Comunidades Autónomas y por igual número de miembros de la Administración General del Estado y, paritariamente con todos los anteriores, por representantes de las organizaciones empresariales y sindicales más representativas."", ""Tres representantes de cada una de las Comunidades Autónomas y por igual número de miembros de la Administración General del Estado y, paritariamente con todos los anteriores, por representantes de las organizaciones empresariales y sindicales más representativas."", ""Un representante de cada una de las Comunidades Autónomas y por igual número de miembros de la Administración General del Estado y, paritariamente con todos los anteriores, por representantes de las organizaciones empresariales y sindicales más representativas."", ""Cinco representantes de cada una de las Comunidades Autónomas y por igual número de miembros de la Administración General del Estado y, paritariamente con todos los anteriores, por representantes de las organizaciones empresariales y sindicales más representativas.""]",2
60,La Comisión Nacional de Seguridad y Salud en el Trabajo adoptará sus acuerdos:,"[""Por mayoría. A tal fin, los representantes de las Administraciones públicas tendrán cada uno un voto y dos los de las organizaciones empresariales y sindicales."", ""Por unanimidad. A tal fin, los representantes de las Administraciones públicas tendrán cada uno un voto y dos los de las organizaciones empresariales y sindicales."", ""Por mayoría. A tal fin, los representantes de las Administraciones públicas tendrán cada uno cinco votos y tres los de las organizaciones empresariales y sindicales."", ""Por mayoría. A tal fin, los representantes de las Administraciones públicas tendrán cada uno diez votos y dos los de las organizaciones empresariales y sindicales.""]",0
61,Desde el punto de vista legal accidente de trabajo es:,"[""Cualquier suceso no esperado pero deseado que da lugar a pérdidas de la salud o lesiones a los trabajadores."", ""Cualquier suceso no esperado ni deseado que da lugar a pérdidas de la salud o lesiones a los trabajadores."", ""Cualquier suceso esperado y no deseado que da lugar a pérdidas de la salud o lesiones a los trabajadores."", ""Cualquier suceso esperado y deseado que da lugar a pérdidas de la salud o lesiones a los trabajadores.""]",1
62,Los accidentes de trabajo en función de las lesiones producidas al trabajador se clasifican en:,"[""Accidente sin baja."", ""Accidente con baja."", ""a) y b) son correctas."", ""a) y b) son incorrectas.""]",2
63,Indica cuál de las definiciones NO es correcta:,"[""Accidente de trabajo sin baja es cuando la lesión producida al trabajador no le imposibilita para el desempeño de su trabajo habitual."", ""Accidente de trabajo con baja es cuando provoca la incapacidad laboral del trabajador."", ""Los accidentes in-itinere pueden ser con baja o sin baja."", ""Accidente de trabajo sin baja es cuando la lesión producida al trabajador le imposibilita para el desempeño de su trabajo habitual.""]",3
64,Indica cuando NO se considera accidente in-itinere:,"[""El accidente ocurre durante el traslado desde el domicilio al centro de trabajo o viceversa y el medio de locomoción es el habitual."", ""El accidente ocurre durante el traslado desde el domicilio al centro de trabajo o viceversa y el margen de tiempo está dentro de los límites normales."", ""El accidente ocurre durante el traslado desde el domicilio al centro de trabajo o viceversa y el itinerario se considera como normal."", ""El accidente ocurre durante las vacaciones y el medio de locomoción es el habitual.""]",3
65,"Si a un trabajador le ha ocurrido un accidente, un incidente o una agresión o es testigo de alguno de ellos:","[""Informe inmediatamente a su responsable inmediato y en su caso de no poder hacerlo, comuníquelo a la Unidad Básica de Prevención."", ""Informe a los dos días a su responsable inmediato y en su caso de no poder hacerlo, comuníquelo a la Unidad Básica de Prevención."", ""Informe a los siete días a su responsable inmediato y en su caso de no poder hacerlo, comuníquelo a la Unidad Básica de Prevención."", ""Informe a los quince días a su responsable inmediato y en su caso de no poder hacerlo, comuníquelo a la Unidad Básica de Prevención.""]",0
66,El parte interno de notificación de accidente/incidente:,"[""Es el registro no necesario para declarar un accidente de trabajo, un incidente o una agresión, y que sea reconocido legalmente."", ""Es el registro necesario para declarar un accidente de trabajo, un incidente o una agresión, y que sea reconocido legalmente."", ""Es el registro necesario para declarar un accidente de trabajo, un incidente o una agresión, y que no sea reconocido legalmente."", ""Todas las respuestas anteriores son incorrectas.""]",1
67,"Ante una agresión, la actuación inmediata del trabajador será:","[""Comunicar la agresión en el menor plazo de tiempo posible a su responsable inmediato."", ""Si requiere asistencia médica, acudir a la Unidad Básica de Prevención correspondiente."", ""Cumplimentar el Registro para la Notificación de Accidente / Incidente / Agresiones “Formato I” firmado por el responsable inmediato, la persona accidentada y los testigos, si los hubiera y enviarlo a la Unidad que le ha prestado la asistencia. Elaborar junto con el responsable inmediato, un informe lo más exhaustivo posible."", ""a) b) y c) son correctas.""]",3
68,Tendrán la consideración de órganos administrativos las unidades administrativas a las que se les atribuyan funciones que:,"[""Tengan efectos jurídicos frente a terceros o cuya actuación tenga carácter preceptivo."", ""NO tengan efectos jurídicos frente a terceros o cuya actuación tenga carácter preceptivo."", ""Tengan efectos jurídicos frente a terceros o cuya actuación tenga carácter potestativo."", ""NO tengan efectos jurídicos frente a terceros o cuya actuación tenga carácter potestativo.""]",0
69,"La Ley 40/2015, en relación a los órganos de las Administraciones Públicas, establece que la competencia es:","[""Revocable."", ""Irrenunciable."", ""Eludible."", ""Rehusable.""]",1
70,"Si alguna disposición atribuye la competencia a una Administración, sin especificar el órgano que debe ejercerla, se entenderá que la facultad de instruir y resolver los expedientes corresponde a:","[""A los órganos superiores competentes por razón de la materia y del territorio."", ""A los órganos inferiores competentes por razón de la materia y del territorio."", ""A los órganos centralizados competentes por razón de la materia y del territorio."", ""a) b) y c) son incorrectas.""]",1
71,Contra un acuerdo de avocación:,"[""Cabrá rectificación de errores."", ""NO cabrá rectificación de errores."", ""Cabrá recurso."", ""NO cabrá recurso.""]",3
72,La encomienda de gestión supone:,"[""El traspaso de la titularidad."", ""Renunciar a la titularidad."", ""Ceder la titularidad."", ""a) b) y c) son incorrectas.""]",3
73,En cuanto a la delegación de firma:,"[""Altera la competencia del órgano delegante."", ""Es necesaria la validez para su publicación."", ""En las resoluciones y actos que se firmen por delegación se hará constar la delegación de firma."", ""Los actos firmados por delegación NO requieren que se haga constar la autoridad de procedencia.""]",2
74,En las resoluciones y actos que se dicten mediante suplencia:,"[""Se hará constar la circunstancia de la suplencia."", ""Se especificará el titular del órgano cuya suplencia se adoptan."", ""Se indicará quién está ejerciendo efectivamente esa suplencia."", ""a) b) y c) son correctas.""]",3
75,Los órganos colegiados tendrán:,"[""Un Secretario que podrá ser un miembro del propio órgano o una persona al servicio de la Administración Pública correspondiente."", ""Un Secretario que podrá ser un miembro del propio órgano y dos personas al servicio de la Administración Pública correspondiente."", ""Un Secretario que podrá ser un miembro del propio órgano o tres personas al servicio de la Administración Pública correspondiente."", ""Un Secretario que podrá ser un miembro del propio órgano y cuatro personas al servicio de la Administración Pública correspondiente.""]",0
76,"En las sesiones que celebren los órganos colegiados a distancia, se consideran medios electrónicos:","[""Los medios telefónicos."", ""Las audioconferencias."", ""El correo electrónico."", ""a) b) y c) son correctas.""]",3
77,Respecto a las sesiones que celebre el órgano colegiado:,"[""En las actas NO hay que poner el orden del día."", ""Podrán grabarse las sesiones."", ""El acta de cada sesión NO se puede aprobar en la misma sesión o la inmediata."", ""El Secretario remitirá por correo postal a los miembros del órgano colegiado el acta.""]",1
78,Corresponde al Presidente de los órganos colegiados de la Administración General del Estado:,"[""Velar por la legalidad formal y material de las actuaciones del órgano."", ""Garantizar que la adopción de acuerdos es respetada."", ""Ostentar la representación del órgano."", ""Certificar las actuaciones del órgano.""]",2
79,Corresponde a los miembros de los órganos colegiados de la Administración General del Estado:,"[""Asegurar el cumplimiento de leyes."", ""Participar en los debates de las sesiones."", ""Moderar el desarrollo de los debates."", ""Acordar la convocatoria de las sesiones.""]",1
80,"A la dirección electrónica, disponible para los ciudadanos a través de redes de telecomunicaciones, cuya titularidad corresponde a una Administración Pública, o bien a una o varios organismos públicos o entidades de Derecho Público en el ejercicio de sus competencias, se le denomina:","[""Certificado de BaKQ."", ""Portal de Internet."", ""Sede electrónica."", ""Izenpe.""]",2
81,"Cada Administración Pública determinará las condiciones e instrumentos de creación de las sedes electrónicas, con sujeción a los principios de:,responsabilidad, calidad, seguridad, disponibilidad, accesibilidad, neutralidad einteroperabilidad","[""Transparencia y publicidad."", ""Responsabilidad y calidad."", ""Seguridad y accesibilidad."", ""a) b) y c) son correctas.""]",3
82,Las Administraciones Públicas podrán identificarse mediante el uso de:,"[""Sellos electrónicos."", ""Códigos de verificación."", ""Claves de internet."", ""a) b) y c) son correctas.""]",0
83,"Cualquier acto o actuación realizada íntegramente a través de medios electrónicos por una Administración Pública en el marco de un procedimiento administrativo y en la que no haya intervenido de forma directa un empleado público, se denomina:","[""Intercambio digital autónomo."", ""Actuación administrativa automatizada."", ""Gestión documental sistematizada."", ""Procedimiento administrativo electrónico.""]",1
84,Tiene por objeto determinar las normas aplicables al personal laboral al servicio de las Administraciones Públicas:,"[""Ley 40/2015."", ""Real Decreto Legislativo 5/2015."", ""Decreto 106/2008."", ""Ley 31/1995.""]",1
85,Entre los fundamentos de acción del Estatuto Básico del Empleado Público se encuentra:,"[""Innovación y mejora continua de los servicios."", ""Ética profesional y buenas prácticas de los empleados públicos."", ""Transparencia."", ""Sostenibilidad ambiental y reducción del impacto en los servicios públicos.""]",2
86,"Indica el personal que se rige por la legislación estatal que resulte de aplicación, de la que forma parte el Estatuto Básico del Empleado Público, y por la legislación de las comunidades autónomas, con respecto a la autonomía local:","[""El personal funcionario de la Sociedad Estatal Correos y Telégrafos."", ""Personal retribuido por arancel."", ""Personal del Centro Nacional de Inteligencia."", ""El personal funcionario de las Entidades Locales.""]",3
87,Personal al que se aplicarán directamente las disposiciones del Estatuto Básico del Empleado Público cuando así lo disponga su legislación específica:,"[""El personal funcionario de las Entidades Locales."", ""Los Cuerpos de Policía Local."", ""Personal de Fuerzas y Cuerpos de Seguridad."", ""El personal funcionario de la Sociedad Estatal Correos y Telégrafos.""]",2
88,En la aplicación del Estatuto Básico del Empleado Público al personal de investigación:,"[""Se regirán por la legislación específica dictada por el Estado."", ""Dispondrá de legislación específica propia."", ""Se regirán por la legislación de las comunidades autónomas."", ""Se podrán dictar normas singulares para adecuarlo a sus peculiaridades.""]",3
89,"En el desarrollo del Estatuto Básico del Empleado Público, las leyes reguladoras de la Función Pública de la Administración General del Estado serán aprobadas por:","[""El Senado y las Direcciones Generales."", ""Las Cortes Generales y las asambleas legislativas."", ""El Consejo de Gobierno"", ""Presidente del Gobierno y el Consejo de Ministros.""]",1
90,"El personal laboral al servicio de las Administraciones Públicas, en materia de nacimiento, adopción, del progenitor diferente de la madre biológica, de lactancia y parental, se regirá por:","[""Lo previsto en el Estatuto Básico del Empleado Público."", ""La legislación laboral."", ""La legislación específica propia."", ""Normas singulares.""]",0
91,El Estatuto Básico del Empleado Público clasifica los empleados públicos del siguiente modo:,"[""Personal eventual, personal laboral (fijo, por tiempo indefinido o temporal), funcionarios de carrera y funcionarios interinos."", ""Funcionarios fijos transferidos, personal laboral indefinido y personal laboral temporal."", ""Personal laboral indefinido, funcionarios transferidos y funcionario de Servicio."", ""Funcionarios de carrera y personal laboral fijo, por tiempo indefinido o temporal.""]",0
92,"Al empleado público que, en virtud de nombramiento legal, está vinculado a una Administración Pública por una relación estatutaria regulada por el Derecho Administrativo para el desempeño de servicios profesionales retribuidos de carácter permanente, se le denomina:","[""Funcionario interino."", ""Funcionario de carrera."", ""Personal de servicios especiales."", ""Personal de obra y servicio.""]",1
93,Entre los principios por los que se rigen los procedimientos de selección del personal funcionario interino está el principio de:,"[""Competencia."", ""Transparencia."", ""Urgencia."", ""Mérito.""]",3
94,Causa por la que la Administración formaliza de oficio la finalización de la relación de la interinidad:,"[""Razones organizativas que dan lugar a la supresión o la amortización de los puestos asignados."", ""La plaza sigue vacante y no hay proceso selectivo."", ""Cesión motivada por insatisfacción con el rendimiento del profesional."", ""Estar a menos de un mes del plazo autorizado expresamente recogido en el nombramiento.""]",0
95,El funcionario interino es nombrado como tal con carácter temporal para el desempeño de funciones propias de funcionarios de carrera cuando se da esta circunstancia:,"[""La existencia de plazas vacantes que se adaptan a su perfil, aunque sea posible su cobertura con funcionarios de carrera."", ""La ejecución de programas de carácter temporal que no podrán tener una duración superior a dos años."", ""El exceso o acumulación de tareas por un plazo máximo de nueve meses, dentro de un periodo de dieciocho meses."", ""La necesidad de reforzar los equipos de trabajo con nuevos perfiles profesionales.""]",2
96,"Al empleado público que, en virtud de contrato de trabajo formalizado por escrito, en cualquiera de las modalidades de contratación de personal previstas en la legislación laboral, presta servicios retribuidos por las Administraciones Públicas, se le denomina:","[""Funcionario de carrera."", ""Personal laboral."", ""Funcionado interino."", ""Personal eventual.""]",1
97,"Al empleado público que, en virtud de nombramiento y con carácter no permanente, sólo realiza funciones expresamente calificadas como de confianza o asesoramiento especial, siendo retribuido con cargo a los créditos presupuestarios consignados para este fin, se le denomina:","[""Personal eventual."", ""Personal laboral."", ""Personal directivo profesional."", ""Personal de carrera.""]",0
98,En relación al personal eventual:,"[""Su nombramiento y cese serán libres."", ""La condición de personal eventual podrá constituir mérito para el acceso a la Función Pública."", ""Le será aplicable, en lo que sea adecuado a la naturaleza de su condición, el régimen general de los funcionarios interinos."", ""a) y b) son correctas.""]",0
99,"Al empleado público que desarrolla funciones directivas profesionales en las Administraciones Públicas, definidas como tales en las normas específicas de cada Administración., se le denomina:","[""Personal eventual."", ""Personal laboral."", ""Personal ejecutivo."", ""Personal directivo.""]",3
100,La designación del personal directivo atenderá a principios de:,"[""Igualdad y celeridad."", ""Idoneidad y urgencia."", ""Mérito y capacidad."", ""Eficacia y eficiencia.""]",2
101,La Comisión Corporativa de Traslados por Motivos de Salud de Osakidetza tiene como función:,"[""Evaluar los riesgos de puestos de trabajo y las peticiones de traslado por motivos de salud."", ""Investigación y mejora de las condiciones de trabajo como acción preventiva en materia de traslados por motivos de salud."", ""Análisis de las solicitudes de adaptación de puestos de trabajo por motivos de salud que no puedan ser resueltas dentro de cada organización de servicios."", ""a) b) y c) son incorrectas""]",2
102,"Según el Decreto 106/2008 es uno de los requisitos que el personal sin relación de empleo fijo en la administración debe reunir, además de los requisitos generales que establezcan las convocatorias:","[""Haber prestado dos años de servicios en Osakidetza en la misma categoría desde la que se solicita el desarrollo profesional."", ""Haber tomado parte en el último proceso de Oferta Pública de Empleo convocado, con realización efectiva del examen de la categoría desde la que opte."", ""Haber prestado servicios en cualquiera de las Administraciones Públicas o en instituciones sanitarias de titularidad privada."", ""Haber formado parte de las listas de contratación temporal de Osakidetza por un periodo mínimo de seis meses.""]",1
103,En relación a la consideración de servicios prestados a efectos de desarrollo profesional:,"[""Al personal sin relación de empleo fijo se le computarán los servicios prestados en otras administraciones a razón de un 30%."", ""Al personal fijo se le computarán los servicios prestados en otras administraciones, en diferentes grupos profesionales, a razón de un 20%."", ""Al personal fijo se le computarán los servicios prestados en otras administraciones, en el mismo grupo profesional, a razón de un 50%."", ""Al personal que ha accedido a promoción interna se le computarán los servicios prestados en otras administraciones, a razón de un 40%.""]",2
104,La Comisión paritaria de seguimiento del desarrollo profesional tiene como función:,"[""Establecer y actualizar los criterios para la promoción interna del personal de Osakidetza."", ""Determinar las fechas para las convocatorias correspondientes al periodo transitorio."", ""Informar a las Centrales Sindicales de los criterios de baremación establecidos para las convocatorias."", ""Recibir información sobre el desarrollo de los procedimientos de evaluación y de reconocimiento de grado.""]",3
105,"El Decreto 106/2008, de 3 de junio, por el que se aprueba el Acuerdo alcanzado en la Mesa Sectorial de Sanidad, en su reunión del día 14 de marzo de 2008, en materia de conciliación de la vida laboral y familiar, y más concretamente en relación a la licencia por gestación recoge que todo el personal femenino (no sólo el sanitario):","[""NO podrá realizar guardias durante los cuatro meses anteriores y posteriores."", ""Tendrá la opción de realizar guardias durante los dos meses anteriores y posteriores."", ""NO podrá realizar noches, pero sí podrá realizar guardias en los tres meses anteriores y posteriores."", ""Tendrá la opción de no realizar guardias y noches durante los tres meses anteriores y posteriores.""]",3
106,"En el compromiso de crecimiento de plantilla estructural para el período 2007-2009 contemplado en el Decreto 106/2008, el mayor incremento de plazas correspondía al grupo profesional de:","[""Médicos EAP y Pediatras."", ""DUE´s Atención Primaria."", ""Matronas."", ""Auxiliares de Enfermería.""]",0
107,"En relación a la Euskaldunización, el Decreto 106/2008 establece la realización de:","[""Una convocatoria anual de acreditación de perfiles lingüísticos."", ""Dos convocatorias anuales de acreditación de perfiles lingüísticos."", ""Tres convocatorias anuales de acreditación de perfiles lingüísticos."", ""Cuatro convocatorias anuales de acreditación de perfiles lingüísticos.""]",1
108,"El Decreto 106/2008, en relación a las externalizaciones de servicios determina que:","[""En sucesivas adjudicaciones de un mismo servicio las nuevas empresas adjudicatarias decidirán si subrogan a los/as trabajadores/as."", ""Las subcontrataciones o externalizaciones de servicios deberán hacerse con empresas adjudicatarias de la Comunidad Autónoma."", ""Las empresas adjudicatarias de los servicios subcontratados podrán subcontratar a su vez los servicios a terceros."", ""Se primará a las empresas con mayor porcentaje de plantilla estable.""]",3
109,Entre los aspectos adicionales al Acuerdo 2007-2009 recogidos en el Decreto 106/2008 se incluye la aprobación en el plazo de seis meses de:,"[""Un protocolo ante riesgos biológicos."", ""Un protocolo de seguridad del paciente y de buenas prácticas."", ""Un protocolo de coordinación sociosanitaria."", ""Un protocolo ante situaciones de discriminación por razón de sexo.""]",3
110,"En el Decreto 235/2007 quedan expresamente excluidos del ámbito personal de aplicación del Acuerdo regulador de las condiciones de trabajo del personal de Osakidetza-Servicio vasco de salud, para los años 2007, 2008 y 2009:","[""El personal estatutario fijo."", ""El personal sanitario local APD."", ""El personal funcionario de carrera."", ""El personal con relación de empleo funcionarial de carácter interino.""]",1
111,El abono de cantidades a cargo de retribuciones correspondientes a un trabajo no efectuado se considera:,"[""Adelanto de nómina."", ""Anticipo."", ""Préstamo."", ""Retribución extrasalarial.""]",0
112,"Conforme a la jornada anual aprobada mediante Acuerdo de la Mesa General de negociación de la Administración de la Comunidad Autónoma de Euskadi, en el ámbito de Osakidetza para todos los tipos de jornada, excepto la nocturna, las horas de trabajo efectivo anuales a realizar en concepto de jornada ordinaria serán:","[""Mil trescientas cuarenta y ocho."", ""Mil cuatrocientas cincuenta y seis."", ""Mil quinientas noventa y dos."", ""Mil seiscientas veinticuatro.""]",2
113,"El personal incluido en el ámbito del Acuerdo regulador de las condiciones de trabajo del personal de Osakidetza-Servicio vasco de salud, para los años 2007, 2008 y 2009, deberá solicitar las licencias mediante escrito dirigido a:","[""La Dirección de Recursos Humanos de la Organización de servicios correspondiente."", ""La Dirección de la Organización de servicios correspondiente."", ""A la persona responsable de la Unidad solicitante."", ""La Dirección-Gerencia de la Organización de servicios.""]",0
114,Según el Decreto 235/2007 es un motivo para la concesión de permisos:,"[""Lactancia."", ""Traslado o mudanza del domicilio habitual."", ""Violencia de género."", ""Ejercicio de funciones de representación sindical.""]",2
115,En relación a las licencias para el personal contempladas en el Decreto 235/2007:,"[""En los supuestos de adopción o acogimiento, la licencia tendrá una duración de veintidós semanas."", ""Por razón de matrimonio propio, el personal tendrá derecho a una licencia de 20 días naturales de duración."", ""Las trabajadoras embarazadas tendrán derecho a una licencia por el tiempo necesario para concurrir a exámenes prenatales sin derecho a remuneración."", ""Durante el disfrute de la licencia por lactancia no se podrá participar en los cursos de formación que convoque Osakidetza.""]",1
116,"La licencia por enfermedad grave, hospitalización o fallecimiento de parientes, en el caso de tratarse del cónyuge, compañero/a o hijo/a contiene el siguiente periodo de duración.","[""Dos días hábiles. Dos días hábiles más si los hechos que lo motivan se producen a más de 110 kms. del lugar de residencia del solicitante."", ""Cuatro días naturales. Dos días hábiles más si los hechos que lo motivan se producen a más de 130 kms. del lugar de residencia del solicitante."", ""Tres días hábiles. Dos días hábiles más si los hechos que lo motivan se producen a más de 120 kms. del lugar de residencia del solicitante."", ""Cinco días naturales. Dos días hábiles más si los hechos que lo motivan se producen a más de 150 kms. del lugar de residencia del solicitante.""]",3
117,"Es una situación administrativa en la que puede hallarse el personal sujeto al Acuerdo regulador de las condiciones de trabajo del personal de Osakidetza-Servicio vasco de salud, para los años 2007, 2008 y 2009:","[""Libre designación en Osakidetza."", ""Expectativa de destino."", ""Excedencia por servicios en el sector público."", ""a) b) y c) son correctas.""]",3
118,"Osakidetza-Servicio Vasco de Salud, tiene por finalidad:","[""Impulsar y coordinar la organización de servicios sanitarios en colaboración con otras entidades de carácter sanitario."", ""La supervisión del cumplimiento de los criterios generales de contratación en instituciones sanitarias de titularidad pública."", ""La provisión de servicios sanitarios a través de las organizaciones públicas de servicios sanitarios dependientes del mismo."", ""Coordinar los recursos y proponer medidas de intervención sobre las listas de espera.""]",2
119,"“Proporcionar a las personas que accedan sus servicios las condiciones necesarias para el pleno ejercicio de sus derechos y deberes de carácter instrumental o complementario, promoviendo especialmente la mejora continua de los niveles de información, la personalización en la atención y la calidad de la misma” hace referencia a:","[""Una de las facultades de la organización central de Osakidetza-Servicio Vasco de Salud."", ""Un fin de interés general que persigue Osakidetza-Servicio Vasco de Salud."", ""Una de las facultades de las organizaciones de servicios Osakidetza-Servicio Vasco de Salud."", ""Una función del Consejero de Sanidad.""]",1
120,"Las revisiones de oficio de los actos administrativos nulos o anulables, los recursos administrativos extraordinarios y las reclamaciones previas a las vías jurisdiccionales civil y laboral que no comprendan la exigencia de responsabilidad, serán conocidas por:","[""La Presidencia o por el Director General de Osakidetza-Servicio Vasco de Salud."", ""El Consejo de Administración o por los Directores-Gerentes de Osakidetza-Servicio Vasco de Salud."", ""La Presidencia o por el Consejo de Administración de Osakidetza-Servicio Vasco de Salud."", ""El Director General o por los Directores-Gerentes de las organizaciones de Osakidetza-Servicio Vasco de Salud.""]",3
121,"La resolución de las reclamaciones de responsabilidad patrimonial que se formulen ante cualquiera de las organizaciones del Ente Público Osakidetza-Servicio Vasco de Salud por el funcionamiento de sus servicios, incluidas las resoluciones a reclamaciones de responsabilidad que los interesados dirijan posteriormente a las vías jurisdiccionales civil o laboral, corresponderán a:","[""Directores-Gerentes del Ente Público."", ""Consejo de Administración del Ente Público."", ""Director General del Ente Público."", ""Presidencia del Ente Público.""]",1
122,"Cuando no se encuentre determinada expresamente la forma de publicidad de los actos administrativos que se dicten en el Ente Público Osakidetza-Servicio vasco de salud, de carácter general serán objeto de notificación a través:","[""Del Boletín Oficial del País Vasco."", ""Del Boletín Oficial del Estado."", ""De los Tablones de Anuncios de las organizaciones el Ente Público."", ""Del Portal de Internet del Ente Público.""]",0
123,Es el órgano rector colegiado del Ente Público Osakidetza-Servicio Vasco de Salud encargado principalmente de dirigir y controlar sus actuaciones.,"[""Los Consejos Técnicos."", ""La Presidencia."", ""El Consejo de Administración."", ""La Dirección Médica.""]",2
124,Es una función de la Presidencia del Ente Público Osakidetza-Servicio Vasco de Salud:,"[""Aprobar la Memoria Anual de Actividades del Ente Público."", ""Ejercer la representación del Ente Público y supervisar sus operaciones."", ""Formular la liquidación de cuentas del Ente Público y de sus organizaciones."", ""a) y c) son correctas.""]",1
125,"El Consejo de Administración del Ente Público Osakidetza-Servicio Vasco de Salud, estará compuesto por:","[""Un Presidente y cinco miembros en representación de la Administración de la Comunidad Autónoma."", ""Un Director General, un miembro del Departamento de Sanidad del Gobierno Vasco y un Director Médico."", ""El Consejero de Sanidad y dos miembros de los Consejos Técnicos de participación profesional."", ""El Consejero de Sanidad, un Presidente, dos Directores Generales y dos Directores Médicos.""]",0
126,"El Consejo de Administración del Ente Público Osakidetza-Servicio Vasco de Salud, nombrará entre sus miembros a un Secretario que:","[""Podrá no ser miembro del Consejo."", ""Tendrá voto en los asuntos que se deliberen."", ""Sustituirá al Vicepresidente en caso de enfermedad."", ""Convocará las sesiones del Consejo de Administración.""]",0
127,La Dirección General del Ente Público Osakidetza-Servicio Vasco de Salud contará con el apoyo de un equipo directivo formado por:,"[""Dos Directores de División."", ""Tres Directores de División."", ""Cuatro Directores de División."", ""Cinco Directores de División.""]",1
128,"El Plan Estratégico del Ente Público Osakidetza-Servicio Vasco de Salud comprenderá, tanto para el conjunto institucional como para cada organización de servicios sanitarios en particular:","[""Los objetivos generales y específicos, la temporalización de las acciones a realizar, una descripción detallada de todas las inversiones a realizar, y el plan de seguimiento."", ""Una descripción de la propuesta de objetivos temporales y de conductas y acciones para alcanzarlos y la determinación de las inversiones consideradas estratégicas."", ""Un listado de objetivos con sus correspondientes acciones, una planificación de las inversiones estratégicas a realizar y la relación de indicadores de evaluación del plan."", ""Los objetivos estratégicos a largo plazo, descripción detallada del plan de acción para lograr los objetivos y un listado de recursos materiales y personales necesarios.""]",1
129,"Según el Decreto 255/1997 de 11 de noviembre, por el que se establecen los Estatutos Sociales del Ente Público «Osakidetza-Servicio Vasco de Salud», es materia específica de gestión de recursos humanos:","[""Promover medidas de intervención sobre las listas de espera."", ""Gestionar los programas de formación del personal del Ente."", ""Promover protocolos de interés general."", ""Coordinar la ejecución del Plan de Normalización Lingüística.""]",1
130,"Según el Decreto 255/1997 de 11 de noviembre, por el que se establecen los Estatutos Sociales del Ente Público «Osakidetza-Servicio Vasco de Salud», es materia específica de inversiones:","[""Autorizar las operaciones de endeudamiento en todo el Ente Público."", ""Definir los criterios generales de contratación en el Ente Público."", ""Informar del Presupuesto y del Plan de Gestión Anual del Ente Público."", ""Autorizar la incorporación de nuevos dispositivos tecnológicos.""]",1
131,Al frente de cada organización de servicios sanitarios del Ente Público Osakidetza-Servicio Vasco de Salud se encontrará un:,"[""Director-Médico."", ""Director-Ejecutivo."", ""Director-General."", ""Director-Gerente.""]",3
132,"Con carácter ordinario, a la Dirección Médica le corresponde la siguiente atribución:","[""Promover y supervisar las actividades de docencia e investigación del personal Facultativo."", ""Dirigir e impulsar la investigación, la docencia y formación en el seno de la organización."", ""Proponer nuevas líneas de actuación en materia de investigación, docencia y formación."", ""Investigar y coordinar la implantación de nuevas estrategias asistenciales y terapéuticas.""]",0
133,Los Consejos Técnicos de las organizaciones de servicios del Ente Público Osakidetza-Servicio Vasco de Salud son órganos de:,"[""Asesoramiento y participación de los profesionales en la gestión de la organización."", ""Representación de los profesionales en el Consejo de Administración del Ente Público."", ""Consulta sobre ética profesional asistencial y buenas prácticas profesionales en sanidad."", ""Coordinación y evaluación de actividades clínico-asistenciales y estrategias terapeúticas.""]",0
134,"En base al Decreto 255/1997 de 11 de noviembre, por el que se establecen los Estatutos Sociales del Ente Público «Osakidetza-Servicio vasco de salud», indica qué organización de servicios NO se corresponde con el ámbito territorial de la Comunidad Autónoma:","[""Centro Vasco de Transfusiones y Hemoderivados."", ""Salud Mental Extrahospitalaria."", ""Emergencias (Unidades Territoriales de Emergencias)."", ""OSATEK-Tecnología Sanitaria de Euskadi, S.A.""]",1
135,"Según la Ley 39/2015, la Ley tiene por objeto:","[""Regular exclusivamente el procedimiento administrativo electrónico."", ""Regular los requisitos de validez y eficacia de los actos administrativos."", ""Regular el procedimiento administrativo común de las Administraciones Públicas."", ""Establecer el régimen jurídico del sector público.""]",2
136,"Según la Ley 39/2015, el ámbito subjetivo de aplicación comprende:","[""Únicamente a la Administración General del Estado."", ""A las Administraciones Públicas definidas en el artículo 2 de la Ley 40/2015."", ""A todas las entidades del sector público."", ""A las Administraciones Públicas y a sus organismos autónomos.""]",1
137,"Según la Ley 39/2015, tienen capacidad de obrar ante las Administraciones Públicas:","[""Solo las personas físicas mayores de edad."", ""Las personas físicas o jurídicas cuando así lo disponga una norma con rango de ley."", ""Las personas físicas, jurídicas y las entidades sin personalidad jurídica cuando la ley así lo declare."", ""Exclusivamente las personas jurídicas legalmente constituidas.""]",2
138,"Según la Ley 39/2015, se consideran interesados en un procedimiento administrativo:","[""Quienes promuevan el procedimiento como titulares de derechos o intereses legítimos individuales o colectivos."", ""Cualquier persona que tenga conocimiento del procedimiento."", ""Únicamente quienes resulten afectados por la resolución final."", ""Solo quienes actúen representados por medios electrónicos.""]",0
139,"Según la Ley 39/2015, en relación con la identificación y firma de los interesados:","[""La firma será siempre obligatoria para formular solicitudes."", ""La identificación podrá realizarse mediante sistemas de firma electrónica."", ""Solo se exigirá firma cuando sea necesario acreditar la voluntad y consentimiento."", ""La identificación y la firma son siempre requisitos inseparables.""]",2
140,"Según la Ley 39/2015, cuando varias personas comparezcan en un procedimiento con intereses coincidentes:","[""Deberán actuar necesariamente mediante representante."", ""La Administración designará de oficio un representante."", ""Podrán designar un representante o señalar un domicilio común."", ""Cada interesado deberá actuar de forma independiente.""]",0
141,"Según la Ley 39/2015, la representación podrá acreditarse:","[""Únicamente mediante poder notarial."", ""Mediante cualquier medio válido en Derecho que deje constancia fidedigna."", ""Solo a través de inscripción en un registro electrónico."", ""Exclusivamente mediante comparecencia personal.""]",1
142,"Según la Ley 39/2015, se considerarán interesados en el procedimiento:","[""Quienes tengan un interés legítimo aunque no se personen en el procedimiento."", ""Las asociaciones representativas de intereses económicos en todo caso."", ""Aquellos cuyos derechos o intereses legítimos puedan resultar afectados por la resolución."", ""Únicamente quienes inicien el procedimiento.""]",2
143,"Según la Ley 39/2015, los menores de edad:","[""Podrán ejercer y defender sus derechos cuando el ordenamiento lo permita sin asistencia."", ""Carecen de capacidad de obrar ante la Administración."", ""Tienen capacidad de obrar solo con autorización judicial."", ""Deberán actuar siempre a través de representante legal.""]",0
144,"Según la Ley 39/2015, en relación con los sistemas de identificación de los interesados:","[""Solo se admitirá el DNI electrónico."", ""Se admitirán únicamente sistemas basados en certificados electrónicos."", ""Se admitirán sistemas de identificación basados en certificados, claves concertadas u otros sistemas válidos."", ""a) b) y c) son incorrectas.""]",2
145,"Según la Ley 39/2015, las entidades sin personalidad jurídica:","[""Carecen de capacidad de obrar ante las Administraciones Públicas."", ""Solo podrán actuar mediante representante con poder notarial."", ""Podrán tener capacidad de obrar cuando una ley así lo declare expresamente."", ""Actuarán únicamente a través de sus miembros individualmente.""]",2
146,"Según la Ley 39/2015, cuando la representación no quede acreditada inicialmente:","[""Se inadmitirá de plano la solicitud."", ""Se concederá un plazo para subsanar la falta de acreditación."", ""Se archivará el procedimiento sin más trámites."", ""a) b) y c) son incorrectas.""]",1
147,"Según la Ley 39/2015, la firma de los interesados será exigible:","[""En todos los trámites del procedimiento administrativo."", ""Solo cuando sea necesario acreditar la autenticidad de la copia presentada."", ""Cuando sea necesario acreditar la voluntad y consentimiento del interesado."", ""Únicamente en procedimientos iniciados a solicitud del interesado.""]",2
148,"Según la Ley 39/2015, en los procedimientos iniciados de oficio, tendrán la condición de interesados:","[""Únicamente los órganos administrativos competentes."", ""Las personas que presenten alegaciones en cualquier momento."", ""Aquellos cuyos derechos o intereses legítimos puedan resultar afectados."", ""Solo quienes comparezcan mediante representante.""]",2
149,"Según la Ley 39/2015, la identificación electrónica del interesado:","[""Exige siempre el uso de firma electrónica."", ""Puede realizarse mediante sistemas distintos de la firma electrónica."", ""Solo es válida si se basa en certificado electrónico cualificado."", ""Sustituye automáticamente a la representación.""]",1
150,"Según la Ley 39/2015, las personas tienen derecho a relacionarse con las Administraciones Públicas:","[""Únicamente por medios electrónicos."", ""Por medios electrónicos o no electrónicos, según elijan."", ""Solo por medios no electrónicos salvo obligación legal."", ""Exclusivamente mediante representante.""]",1
151,"Según la Ley 39/2015, están obligados a relacionarse electrónicamente con las Administraciones Públicas:","[""Todos los ciudadanos."", ""Las personas físicas cuando lo solicite la Administración."", ""Las personas jurídicas."", ""a) y c) son correctas""]",2
152,"Según la Ley 39/2015, el derecho a conocer el estado de tramitación de los procedimientos:","[""Se limita a los procedimientos iniciados a instancia de parte."", ""Se ejerce únicamente de forma presencial."", ""Requiere autorización expresa del órgano instructor."", ""Incluye el acceso y obtención de copias de los documentos contenidos en ellos.""]",3
153,"Según la Ley 39/2015, la lengua de los procedimientos tramitados por la Administración General del Estado será:","[""La lengua cooficial del territorio."", ""El castellano o la lengua cooficial elegida por el interesado."", ""Exclusivamente el castellano."", ""La que determine el órgano competente.""]",1
154,"Según la Ley 39/2015, los registros electrónicos permitirán:","[""Presentar documentos únicamente en días hábiles."", ""Presentar documentos solo en horario de oficina."", ""La presentación de documentos todos los días del año durante las 24 horas."", ""Registrar documentos solo de la propia Administración.""]",2
155,"Según la Ley 39/2015, el derecho a ser asistido en el uso de medios electrónicos corresponde:","[""A todas las personas en sus relaciones con las Administraciones Públicas."", ""Únicamente a las personas que no estén obligadas a relacionarse electrónicamente."", ""Solo a quienes actúen mediante representante."", ""Exclusivamente a las personas mayores de edad.""]",0
156,"Según la Ley 39/2015, la comparecencia de las personas ante las Administraciones Públicas:","[""Solo podrá realizarse de forma presencial."", ""Podrá realizarse de forma presencial o por medios electrónicos, cuando así se establezca."", ""Requerirá siempre identificación mediante firma electrónica."", ""a) b) y c) son incorrectas""]",1
157,"Según la Ley 39/2015, las personas en sus relaciones con las Administraciones Públicas deberán:","[""Comparecer personalmente en todos los procedimientos administrativos."", ""Facilitar a la Administración los datos exigidos por la normativa aplicable."", ""Colaborar únicamente cuando exista obligación legal expresa."", ""Presentar documentos originales en todo caso.""]",1
158,"Según la Ley 39/2015, la responsabilidad de la tramitación de los procedimientos corresponde:","[""Al órgano que dicte la resolución final."", ""Al órgano que tenga atribuida la competencia para su iniciación."", ""Al órgano instructor del procedimiento."", ""Al órgano superior jerárquico.""]",2
159,"Según la Ley 39/2015, las Administraciones Públicas están obligadas a dictar resolución expresa:","[""Solo en los procedimientos iniciados a solicitud del interesado."", ""Únicamente cuando así lo establezca una norma con rango de ley."", ""Exclusivamente en los procedimientos sancionadores."", ""En todos los procedimientos, cualquiera que sea su forma de iniciación.""]",3
160,"Según la Ley 39/2015, el plazo máximo para resolver y notificar un procedimiento podrá suspenderse cuando:","[""El interesado solicite la suspensión de forma expresa."", ""Deban realizarse pruebas técnicas o análisis contradictorios."", ""Exista acumulación de expedientes en el órgano competente."", ""El procedimiento se inicie de oficio.""]",1
161,"Según la Ley 39/2015, la suspensión del plazo máximo para resolver deberá:","[""Comunicarse a los interesados, indicando el motivo y la duración."", ""Acordarse siempre de oficio por el órgano competente."", ""Publicarse en el boletín oficial correspondiente."", ""Solicitarse por el interesado afectado.""]",0
162,"Según la Ley 39/2015, los plazos expresados en días se contarán:","[""A partir del día siguiente al de la notificación o publicación."", ""Incluyendo siempre los sábados, domingos y festivos."", ""Desde el mismo día en que se produce la notificación."", ""Únicamente en días naturales.""]",0
163,"Según la Ley 39/2015, cuando un plazo se exprese en días hábiles:","[""Se incluirán los sábados, domingos y festivos."", ""Se excluirán los sábados, domingos y festivos."", ""Se excluirán únicamente los domingos."", ""Se incluirán todos los días del año.""]",1
164,"Según la Ley 39/2015, cuando el último día de un plazo sea inhábil:","[""El plazo se entenderá finalizado ese mismo día."", ""El plazo se ampliará automáticamente cinco días."", ""El plazo se entenderá prorrogado al primer día hábil siguiente."", ""El plazo quedará suspendido hasta nueva notificación.""]",2
165,"Según la Ley 39/2015, los actos administrativos deberán dictarse:","[""Siempre por escrito y en soporte papel."", ""Por el órgano competente, ajustándose al procedimiento establecido."", ""Únicamente mediante medios electrónicos."", ""De forma motivada en todos los casos.""]",1
166,"Según la Ley 39/2015, los actos administrativos producirán efectos:","[""Desde la fecha en que se dicten."", ""Desde el día siguiente al de su notificación."", ""Desde la fecha en que se notifiquen o publiquen, salvo que en ellos se disponga otra cosa."", ""Únicamente desde su publicación en el boletín oficial correspondiente.""]",0
167,"Según la Ley 39/2015, serán nulos de pleno derecho los actos administrativos que:","[""Incurran en cualquier infracción del ordenamiento jurídico."", ""Se dicten fuera de plazo."", ""Carezcan de motivación."", ""Lesionen derechos y libertades susceptibles de amparo constitucional.""]",3
168,"Según la Ley 39/2015, serán anulables los actos administrativos que:","[""Incurran en infracción del ordenamiento jurídico, incluso la desviación de poder."", ""Lesionen derechos fundamentales."", ""Sean dictados por órgano manifiestamente incompetente por razón de la materia."", ""b) y c) son correctas""]",0
169,"Según la Ley 39/2015, los actos administrativos deberán ser motivados:","[""En todos los casos."", ""Solo cuando lo solicite el interesado."", ""En los supuestos previstos legalmente."", ""Únicamente cuando se dicten por delegación.""]",2
170,"Según la Ley 39/2015, cuando el acto administrativo carezca de los requisitos formales indispensables:","[""Será siempre nulo de pleno derecho."", ""Será anulable cuando produzca indefensión."", ""No producirá ningún efecto jurídico."", ""Deberá ser archivado sin tramitación.""]",1
171,"Según la Ley 39/2015, los recursos administrativos se fundamentan en el principio de:","[""Jerarquía normativa."", ""Legalidad y eficacia administrativa."", ""Revisión de los actos en vía administrativa."", ""Tutela judicial efectiva.""]",1
172,"Según la Ley 39/2015, contra los actos que no pongan fin a la vía administrativa podrá interponerse:","[""Recurso potestativo de reposición."", ""Recurso extraordinario de revisión."", ""Recurso contencioso-administrativo."", ""Recurso de alzada.""]",3
173,"Según la Ley 39/2015, el plazo para interponer recurso de alzada será de:","[""Un mes en todo caso."", ""Un mes si el acto es expreso y en cualquier momento si no lo es."", ""Dos meses desde la notificación."", ""Tres meses desde la publicación.""]",1
174,"Según la Ley 39/2015, el recurso potestativo de reposición se interpone:","[""Siempre antes de acudir a la vía contencioso-administrativa."", ""Contra actos que no pongan fin a la vía administrativa."", ""Contra actos que pongan fin a la vía administrativa."", ""Únicamente contra actos presuntos.""]",2
175,"Según la Ley 39/2015, la interposición del recurso potestativo de reposición:","[""Suspende automáticamente la ejecución del acto."", ""Impide acudir a la vía contencioso-administrativa hasta su resolución."", ""Permite interponer simultáneamente recurso contencioso-administrativo."", ""Sustituye al recurso de alzada.""]",1
176,"Según la Ley 39/2015, el plazo máximo para dictar y notificar resolución en el recurso de alzada será de:","[""Un mes."", ""Dos meses."", ""Tres meses."", ""Seis meses.""]",2
177,"Según la Ley 39/2015, transcurrido el plazo para resolver el recurso de alzada sin que recaiga resolución expresa:","[""Se entenderá estimado por silencio administrativo."", ""Se entenderá desestimado por silencio administrativo."", ""Se producirá la caducidad del procedimiento."", ""Se archivará automáticamente el recurso""]",1
178,"Según la Ley 39/2015, el plazo para interponer recurso potestativo de reposición será de:","[""Un mes si el acto es expreso."", ""Dos meses si el acto es expreso."", ""Tres meses desde la notificación."", ""En cualquier momento""]",0
179,"Según la Ley 39/2015, el plazo máximo para resolver el recurso potestativo de reposición será de:","[""Un mes."", ""Dos meses."", ""Tres meses."", ""Seis meses.""]",0
180,"Según la Ley 39/2015, el recurso extraordinario de revisión podrá interponerse cuando:","[""El acto sea anulable."", ""Existan errores materiales evidentes."", ""Aparezcan documentos de valor esencial ignorados al dictarse el acto."", ""El interesado no haya sido notificado.""]",2
181,"Según la Ley 39/2015, el recurso extraordinario de revisión podrá interponerse cuando:","[""Se haya dictado el acto fuera de plazo."", ""Al dictarlos se hubiera incurrido en error de hecho que resulte de los propios documentos incorporados al expediente."", ""El acto no haya sido motivado."", ""El interesado no esté conforme con la resolución.""]",1
182,"Según la Ley 39/2015, el plazo para interponer recurso extraordinario de revisión por error de hecho será de:","[""Un año desde la notificación del acto impugnado."", ""Dos años desde la notificación del acto impugnado."", ""Cuatro años desde la notificación del acto impugnado."", ""En cualquier momento.""]",2
183,"Según la Ley 39/2015, el recurso extraordinario de revisión por aparición de documentos de valor esencial deberá interponerse en el plazo de:","[""Un mes desde el conocimiento de los documentos."", ""Tres meses desde el conocimiento de los documentos."", ""Cuatro meses desde el conocimiento de los documentos"", ""En cualquier momento.""]",1
184,"Según la Ley 39/2015, contra la resolución del recurso extraordinario de revisión:","[""Cabe recurso de alzada."", ""Cabe recurso potestativo de reposición."", ""Cabe un nuevo recurso extraordinario de revisión."", ""No cabe ningún otro recurso administrativo.""]",3
185,"Según la Ley 39/2015, el recurso extraordinario de revisión se interpondrá ante:","[""El órgano superior jerárquico."", ""El órgano que dictó el acto impugnado."", ""El órgano instructor del procedimiento."", ""El órgano competente para resolver el recurso de alzada.""]",1
186,"Según la Ley 39/2015, será causa de inadmisión de un recurso administrativo:","[""Que el interesado no esté conforme con la resolución."", ""Carecer manifiestamente de fundamento."", ""Que el recurso se interponga por vía electrónica."", ""Que el acto sea anulable.""]",1
187,"Según la Ley 39/2015, la interposición de un recurso administrativo:","[""Suspende automáticamente la ejecución del acto impugnado."", ""Suspende siempre la ejecución en vía administrativa."", ""No suspende la ejecución del acto, salvo que una norma lo establezca o se acuerde motivadamente."", ""Impide la notificación del acto.""]",2
188,"Según la Ley 39/2015, la competencia para resolver un recurso de alzada corresponde:","[""Al mismo órgano que dictó el acto."", ""Al órgano superior jerárquico del que dictó el acto."", ""Al órgano instructor del procedimiento."", ""Al órgano que determine el interesado.""]",1
189,"Según la Ley 39/2015, los actos administrativos que incurran en defectos formales:","[""Serán anulables cuando carezcan de los requisitos formales indispensables o produzcan indefensión."", ""Serán siempre nulos de pleno derecho."", ""No producirán efectos jurídicos."", ""Se considerarán inexistentes.""]",0
190,"Según la Ley 39/2015, los actos nulos de pleno derecho:","[""Podrán convalidarse en cualquier caso."", ""Podrán subsanarse por el transcurso del tiempo."", ""No serán susceptibles de convalidación."", ""Serán anulables si no se impugnan en plazo.""]",2
191,"Según la Ley 39/2015, los actos administrativos podrán tener efectos retroactivos:","[""En ningún caso."", ""Cuando así lo establezca siempre una norma con rango de ley."", ""Cuando produzcan efectos favorables y no lesionen derechos o intereses legítimos de otras personas."", ""Únicamente en procedimientos sancionadores.""]",2
192,"Según la Ley 39/2015, los actos anulables podrán ser convalidados:","[""En cualquier momento y por cualquier órgano."", ""Por el órgano que los dictó o su superior jerárquico, subsanando los vicios de que adolezcan."", ""Únicamente mediante recurso contencioso-administrativo."", ""Solo cuando lo solicite el interesado.""]",1
193,"Según la Ley 39/2015, la ampliación de plazos:","[""Podrá concederse de oficio o a petición de los interesados si las circunstancias lo aconsejan."", ""Solo podrá concederse a instancia del interesado."", ""Será automática cuando el procedimiento sea complejo."", ""Podrá concederse aunque haya expirado el plazo inicialmente concedido.""]",0
194,"Según la Ley 39/2015, cuando se acumulen procedimientos:","[""Será obligatoria la acumulación en todo caso."", ""Solo se acumularán procedimientos sancionadores."", ""La acumulación requerirá consentimiento del interesado."", ""Podrán acumularse procedimientos que guarden identidad sustancial o íntima conexión.""]",3
195,"Según la Ley 39/2015, los términos y plazos establecidos en la Ley:","[""Solo obligan al personal al servicio de las Administraciones"", ""Solo obligan a los interesados."", ""Obligan tanto a las autoridades y personal al servicio de las Administraciones Públicas como a los interesados."", ""Son siempre improrrogables.""]",2
196,"Según la Ley 39/2015, cuando una notificación sea rechazada por el interesado:","[""Se repetirá automáticamente."", ""Se considerará intentada sin efecto."", ""Se entenderá practicada a todos los efectos legales."", ""Se archivará el procedimiento.""]",2
197,"Según la Ley 39/2015, cuando la notificación se practique por medios electrónicos y no sea posible acceder a su contenido:","[""Se entenderá rechazada de inmediato."", ""Se entenderá rechazada cuando hayan transcurrido diez días naturales desde su puesta a disposición sin acceder a su contenido."", ""Se entenderá rechazada cuando hayan transcurrido quince días naturales desde su puesta a disposición sin acceder a su contenido."", ""Se entenderá rechazada cuando haya transcurrido un mes desde su puesta a disposición sin acceder a su contenido.""]",1
198,"Según la Ley 39/2015, la nulidad de pleno derecho podrá declararse:","[""Solo a instancia del interesado."", ""De oficio o a instancia del interesado."", ""Exclusivamente por vía judicial."", ""Únicamente en recurso extraordinario de revisión.""]",1
199,"Según la Ley 39/2015, los actos administrativos se presumen:","[""Nulos mientras no se declare su validez."", ""Válidos y producen efectos desde la fecha en que se dicten, salvo disposición en contrario."", ""Anulables salvo que se confirme su legalidad."", ""Ineficaces hasta su publicación.""]",1
200,"Según la Ley 39/2015, el silencio administrativo en procedimientos iniciados a solicitud del interesado tendrá carácter:","[""Siempre negativo."", ""Siempre positivo."", ""Estimatorio, salvo que una norma con rango de ley o norma de Derecho de la Unión Europea establezca lo contrario."", ""Desestimatorio, salvo que una norma con rango de ley o norma de Derecho de la Unión Europea establezca lo contrario.""]",2
